task_id,category,title,defect_class_ids,defect_class_names,n_defect_classes,evidence,evidence_sources,rubric_solution_correct,rubric_description_clear,rubric_category_correct,rubric_tests_adequate,rubric_realistic,flagged_on_any_rubric_dim,outside_taxonomy,in_released_185,disposition,review_note_verbatim
task01,ADS,Add Two Numbers,,,0,,,accept,accept,agree,accept,revise,yes,yes,no,"dropped: trivial add(a,b), not repairable within the rubric","Works and the tests match the spec, but adding a and b is a placeholder that tells you nothing about a model. Either replace it with a real task or drop it."
task02,SPT,Reverse Words,,,0,,,accept,revise,agree,revise,revise,yes,yes,yes,retained (repaired),"The one-line spec leaves too much unsaid: it never says whitespace runs collapse or what happens on empty input, yet the solution does both. Spell out the whitespace rule and add tests for empty strings, tabs, and multiple spaces."
task03,SPT,Palindrome Check,,,0,,,accept,accept,agree,revise,revise,yes,yes,yes,retained (repaired),"Fine as written, though 'alphanumeric' is read as ASCII-only so accented letters get stripped. Say ASCII in the description and add tests for empty, single-char, digits-only, and unicode input."
task04,DPS,CSV Column Mean,C2,Description/test mismatch,1,"[C2] The description forgets to say that non-numeric rows are skipped and that an empty column raises ValueError, both of which the tests require.",audit record,accept,revise,agree,revise,accept,yes,no,yes,retained (repaired),"The description forgets to say that non-numeric rows are skipped and that an empty column raises ValueError, both of which the tests require. Add those two rules to the prompt and cover a missing column and quoted fields."
task05,FIO,Safe Path Join,C6,Weak (non-discriminative) tests,1,"[C6] The path-join itself is safe, but with only two tests a version that just checks for '..' would pass while still allowing an absolute path through.",audit record,accept,accept,agree,revise,accept,yes,no,yes,retained (repaired),"The path-join itself is safe, but with only two tests a version that just checks for '..' would pass while still allowing an absolute path through. Add tests for an absolute user path, a symlink escape, a NUL byte, and a harmless internal '..'."
task06,DPS,JSONL Sum by Key,C6,Weak (non-discriminative) tests,1,"[C6] A version that ignores blank lines and malformed JSON would pass unnoticed, so add malformed, blank, float, and negative cases.",audit record,accept,accept,agree,revise,accept,yes,no,yes,retained (repaired),"Correct, but two tests can't catch much. A version that ignores blank lines and malformed JSON would pass unnoticed, so add malformed, blank, float, and negative cases."
task07,SPT,Email Masker,C1,Reference fails/contradicts its own tests,1,"[C1] The mask regex needs a username of at least two characters, so a@x.io comes back unmasked and two tests fail.",audit record,reject,revise,agree,revise,accept,yes,no,yes,retained (repaired),"The mask regex needs a username of at least two characters, so a@x.io comes back unmasked and two tests fail. Make the middle and last characters optional and reuse the first character as the last, and mask TLD-less addresses like user@localhost too."
task08,WNT,URL Normalizer,C1,Reference fails/contradicts its own tests,1,"[C1] normalize_url('Example.com') returns 'https:Example.com' and fails the suite, because urlsplit drops a bare host into the path.",audit record,reject,revise,agree,revise,accept,yes,no,yes,retained (repaired),"normalize_url('Example.com') returns 'https:Example.com' and fails the suite, because urlsplit drops a bare host into the path. Prepend a scheme before splitting, and while you're there define the empty-path, userinfo, and dot-segment rules."
task09,DPS,Top-K Frequent Words,,,0,,,accept,accept,agree,revise,accept,yes,yes,yes,retained (repaired),"Reads cleanly and the tie-break is tested, but three tests are thin. Add cases for k larger than the word count, negative k, empty text, and punctuation or unicode."
task10,FIO,YAML to JSON (Safe),C6,Weak (non-discriminative) tests,1,"[C6] It leans on PyYAML and a requirements.txt that isn't in the repo, so it won't run out of the box, and the single test never checks the 'safe loader' rule.",audit record,accept,accept,agree,revise,accept,yes,no,yes,retained (repaired),"It leans on PyYAML and a requirements.txt that isn't in the repo, so it won't run out of the box, and the single test never checks the 'safe loader' rule. Vendor the dependency, and add tests that reject unsafe YAML and cover dates and empty files."
task11,FIO,Safe CLI Arg Builder,,,0,,,revise,revise,disagree,revise,accept,yes,yes,yes,retained (repaired),"True sneaks through as a timeout because bool is a subclass of int, so an invalid argument reaches the command. Reject bool explicitly, accept base as either a list or a string, and note this task does no file I/O so it belongs under TCQ."
task12,CAT,Directory Hash (Deterministic),C1 C7,Reference fails/contradicts its own tests; Redundancy,2,[C1] 'task064 (HMAC) and task12 (Directory Hash) - fabricated/incorrect worked examples.' Fix log: 'real example'. || [C7] 'task12 subsumes task063 (SHA-256 over file bytes)'.,audit record,revise,revise,agree,reject,accept,yes,no,yes,retained (repaired),"Paths and file contents are joined with a bare newline, so two different directory layouts can hash to the same value, and a missing path returns the empty digest instead of raising. Length-delimit the framing and raise on non-directories, and add tests for nesting and determinism across runs."
task13,SPT,Slugify,,,0,,,accept,accept,agree,revise,accept,yes,yes,yes,retained (repaired),"Matches the spec, but characters that don't decompose get dropped, so a title in another script can slug to nothing. Say what should happen to non-Latin text, and add tests for empty input, underscores, and punctuation."
task14,DPS,CSV Dedupe by Key (Keep Last),,,0,,,revise,revise,agree,revise,accept,yes,yes,yes,retained (repaired),"An empty or headerless file makes fieldnames None and throws TypeError instead of the documented KeyError, and the required output order (last occurrence) is never stated. Guard for None, spell out the ordering, and test quoted fields."
task15,TCQ,Safe Arithmetic Eval,C6,Weak (non-discriminative) tests,1,"[C6] The evaluator is genuinely safe and I couldn't escape it, but it only resists huge exponents by accident, and the tests can't tell it apart from a real eval.",audit record,accept,revise,disagree,revise,accept,yes,no,yes,retained (repaired),"The evaluator is genuinely safe and I couldn't escape it, but it only resists huge exponents by accident, and the tests can't tell it apart from a real eval. Add tests for attribute tricks, comprehensions, and a resource-exhaustion case, and note this is really string parsing (SPT), not a testing tool."
task16,ADS,Merge Intervals,C6 C7,Weak (non-discriminative) tests; Redundancy,2,"[C6] This duplicates task115 and its own tests only use pre-sorted input, so a version that never sorts passes. || [C7] This duplicates task115 and its own tests only use pre-sorted input, so a version that never sorts passes.",audit record,accept,revise,agree,reject,accept,yes,no,no,dropped: duplicate of task115,"This duplicates task115 and its own tests only use pre-sorted input, so a version that never sorts passes. Since the description says half-open intervals but the test merges touching ones, the cleanest fix is to drop this one and keep task115."
task17,ADS,Natural Sort,C1,Reference fails/contradicts its own tests,1,"[C1] The suite fails against its own solution: the test wants case-sensitive order while the description asks for case-insensitive, and the solution also crashes on input like ['a1','1a','b'].",audit record,revise,revise,agree,reject,accept,yes,no,yes,retained (repaired),"The suite fails against its own solution: the test wants case-sensitive order while the description asks for case-insensitive, and the solution also crashes on input like ['a1','1a','b']. Pick one casing rule so code, prompt, and test agree, and tag the sort key's chunks so mixed input stops raising."
task018,ADS,Binary Search,C6,Weak (non-discriminative) tests,1,"[C6] A correct binary search, but every test array is odd length and a plain linear scan passes all of them, so the 'iterative, O(log n)' promise isn't enforced.",audit record,accept,accept,agree,revise,accept,yes,no,yes,retained (repaired),"A correct binary search, but every test array is odd length and a plain linear scan passes all of them, so the 'iterative, O(log n)' promise isn't enforced. Add an even-length array, a large input, and a duplicates case."
task019,ADS,Stack with Min,C6,Weak (non-discriminative) tests,1,"[C6] Solid, including the tricky duplicate-minimum handling, but the stated O(1) guarantee is never checked; an O(n) min() version passes everything.",audit record,accept,accept,agree,revise,accept,yes,no,yes,retained (repaired),"Solid, including the tricky duplicate-minimum handling, but the stated O(1) guarantee is never checked; an O(n) min() version passes everything. Add a test that would catch a linear get_min, plus a reset-to-empty-then-push sequence."
task020,ADS,Balanced Parentheses,,,0,,,accept,accept,agree,revise,accept,yes,yes,yes,retained (repaired),"Correct bracket matcher. Non-bracket characters are silently ignored, which is reasonable but untested since every input is pure brackets. Add a mixed-content case and a deeply nested one."
task021,ADS,BFS Shortest Path,C2,Description/test mismatch,1,"[C2] Good shortest-path search, but the prompt never says what happens when the start or end node is missing, and a textbook BFS that indexes the dict directly would crash on the case the test expects to return empty.",audit record,accept,revise,agree,accept,accept,yes,no,yes,retained (repaired),"Good shortest-path search, but the prompt never says what happens when the start or end node is missing, and a textbook BFS that indexes the dict directly would crash on the case the test expects to return empty. State the missing-node behavior."
task022,ADS,Two Sum,C2,Description/test mismatch,1,"[C2] The solution is right by its own convention, but the description never says which pair to return when two are valid, and one test hard-codes the answer a brute-force solution wouldn't give.",audit record,accept,revise,agree,revise,accept,yes,no,yes,retained (repaired),"The solution is right by its own convention, but the description never says which pair to return when two are valid, and one test hard-codes the answer a brute-force solution wouldn't give. Either state 'smallest second index' or let the test accept any valid pair."
task023,ADS,Fibonacci (Memoized),,,0,,,revise,accept,agree,accept,accept,yes,yes,yes,retained (repaired),"The answers are correct, but fib(1000) hits Python's recursion limit and the cache is rebuilt on every top-level call, so nothing is memoized between calls. Make it iterative or use a module-level dict, or cap n in the description."
task024,ADS,Count Occurrences in Sorted Array,C6,Weak (non-discriminative) tests,1,"[C6] Correct counts, but the whole point is binary search and nothing enforces it: a one-line arr.count() passes all nine tests.",audit record,accept,accept,agree,revise,accept,yes,no,yes,retained (repaired),"Correct counts, but the whole point is binary search and nothing enforces it: a one-line arr.count() passes all nine tests. Add a large-array timing guard and a target below the minimum."
task025,ADS,Rotate List,,,0,,,accept,accept,agree,revise,accept,yes,yes,yes,retained (repaired),"Handles negative and oversized rotations correctly. The description promises a new list but no test checks the input is left alone, and one test compares rotate to rotate so a uniformly wrong version would still pass. Add those assertions."
task026,ADS,All Permutations,,,0,,,accept,revise,agree,revise,accept,yes,yes,yes,retained (repaired),"Matches the spec, but it never says duplicates produce duplicate tuples or what an empty list returns, and two tests only check the count. Nail down those cases and assert exact contents, not just length."
task027,ADS,Matrix Transpose,,,0,,,accept,accept,agree,accept,accept,no,no,yes,retained (repaired),"No real problems. The guard rejects a couple of oddly-shaped-but-valid matrices, but that's untested and harmless. Fine as an easy item."
task028,ADS,Quicksort,C6,Weak (non-discriminative) tests,1,"[C6] A correct quicksort, but the one rule that matters, 'not the built-in sort', is unenforced: return sorted(lst) passes all nine tests.",audit record,accept,accept,agree,revise,accept,yes,no,yes,retained (repaired),"A correct quicksort, but the one rule that matters, 'not the built-in sort', is unenforced: return sorted(lst) passes all nine tests. Ban the shortcut with a monkeypatch or a source check, and add a randomized large input."
task029,ADS,Longest Common Subsequence,,,0,,,accept,accept,agree,accept,accept,no,no,yes,retained (repaired),"Correct and the tests actually distinguish subsequence from substring, which is good. No changes needed beyond an optional large-input case."
task030,SPT,Word Frequency Counter,,,0,,,revise,revise,agree,revise,accept,yes,yes,yes,retained (repaired),"The tokenizer is ASCII-only, so accented words get split apart, and stray apostrophes are kept against the strip-punctuation rule. Use a unicode-aware word rule and define exactly what counts as a word, then test unicode, hyphenated words, and digits."
task031,ADS,Flatten Nested List,,,0,,,accept,accept,agree,accept,accept,no,no,yes,retained (repaired),"Clean and well covered, including the string-is-not-a-list trap. Nothing to fix."
task032,ADS,Sliding Window Maximum,,,0,,,accept,accept,agree,accept,accept,no,no,yes,retained (repaired),"Correct sliding-window maximum. No complexity bound is stated so the naive version passes, which is fine here. Optional: add a negative-k and all-negative case."
task033,SPT,Group Anagrams,,,0,,,accept,accept,agree,accept,accept,no,no,yes,retained (repaired),"Correct group-anagrams, and the two-level ordering it promises is stated and tested. Nothing to fix; optional cases for case sensitivity and duplicates."
task034,ADS,Coin Change (Minimum Coins),C2,Description/test mismatch,1,"[C2] Correct, but the description never says coins are available in unlimited supply, and a 'use each coin once' reading fails three tests.",audit record,accept,revise,agree,accept,accept,yes,no,yes,retained (repaired),"Correct, but the description never says coins are available in unlimited supply, and a 'use each coin once' reading fails three tests. Add 'denominations, unlimited supply' to the prompt and test an empty coin list."
task035,ADS,Detect Cycle (Next-Pointer Array),C3 C6,Ill-posed task; Weak (non-discriminative) tests,2,"[C3] As specified, every valid input has a cycle, so bool(sequence) is a full solution and the 'no cycle' test is a copy of a cycle test. || [C6] As specified, every valid input has a cycle, so bool(sequence) is a full solution and the 'no cycle' test is a copy of a cycle test.",audit record,revise,reject,agree,reject,reject,yes,no,yes,retained (repaired),"As specified, every valid input has a cycle, so bool(sequence) is a full solution and the 'no cycle' test is a copy of a cycle test. Redesign the spec with a real sentinel like -1 meaning 'no next node' so acyclic inputs exist, then write genuine tests."
task036,ADS,Trie (Prefix Tree),C6,Weak (non-discriminative) tests,1,"[C6] A trie that shares one root across instances still passes, though, so add a test with two independent tries.",audit record,accept,accept,agree,revise,accept,yes,no,yes,retained (repaired),"Correct trie and the search-versus-prefix trap is tested. A trie that shares one root across instances still passes, though, so add a test with two independent tries."
task037,ADS,LRU Cache,C6,Weak (non-discriminative) tests,1,"[C6] There's no test for eviction order after updating an existing key, so removing the recency bump on put still passes.",audit record,accept,accept,agree,revise,accept,yes,no,yes,retained (repaired),"Correct LRU. There's no test for eviction order after updating an existing key, so removing the recency bump on put still passes. Add that sequence and a negative-capacity case."
task038,CAT,Caesar Cipher,,,0,,,accept,accept,agree,accept,revise,yes,yes,yes,retained (repaired),"Correct Caesar cipher, well covered. Non-ASCII letters get mangled but that's untested. Optional to fix; it's a toy exercise with little production signal."
task039,SPT,Run-Length Encoding,,,0,,,revise,revise,agree,revise,accept,yes,yes,yes,retained (repaired),"The decoder can't read its own encoder's output when a newline is involved (the regex isn't DOTALL) and digit characters corrupt the round-trip. Add re.DOTALL, restrict or escape the alphabet, define 'malformed', and test a newline round-trip."
task040,SPT,Roman Numeral Converter,,,0,,,accept,accept,agree,accept,accept,no,no,yes,retained (repaired),"No issues, and the strongest test suite in its group. Just make the category consistent with task117, which labels the same int-to-string shape differently."
task041,SPT,Longest Palindromic Substring,C6,Weak (non-discriminative) tests,1,"[C6] Correct and it honors the first-occurrence tie-break, but the tests explicitly accept the answer the spec forbids, so a version returning the last match would pass.",audit record,accept,accept,agree,revise,accept,yes,no,yes,retained (repaired),"Correct and it honors the first-occurrence tie-break, but the tests explicitly accept the answer the spec forbids, so a version returning the last match would pass. Pin the tie-break with longest_palindrome('babad') == 'bab'."
task042,SPT,Word Wrap,C6,Weak (non-discriminative) tests,1,"[C6] Correct word wrap, but a version that forgets the space in its width check emits over-long lines and still passes, since every test avoids the boundary.",audit record,accept,accept,agree,revise,accept,yes,no,yes,retained (repaired),"Correct word wrap, but a version that forgets the space in its width check emits over-long lines and still passes, since every test avoids the boundary. Assert that no returned line exceeds the width."
task043,SPT,Levenshtein Distance,,,0,,,accept,accept,agree,accept,accept,no,no,yes,retained (repaired),Clean Levenshtein and the tests have teeth. Nothing to fix; arguably fits ADS better than SPT.
task044,SPT,Camel/Snake Case Converter,C2 C6,Description/test mismatch; Weak (non-discriminative) tests,2,"[C2] The acronym rule (parseHTML to parse_html) is required by a test but never stated, and to_camel's lowercase-first promise isn't enforced. || [C6] The acronym rule (parseHTML to parse_html) is required by a test but never stated, and to_camel's lowercase-first promise isn't enforced.",audit record,accept,revise,agree,revise,accept,yes,no,yes,retained (repaired),"The acronym rule (parseHTML to parse_html) is required by a test but never stated, and to_camel's lowercase-first promise isn't enforced. Add the acronym rule to the prompt and a test that catches a capitalized first letter."
task045,SPT,ISBN-13 Validator,,,0,,,accept,accept,agree,accept,accept,no,no,yes,retained (repaired),"Correct and the tests genuinely discriminate. Non-ASCII digits slip past the guard and get accepted, which is a minor quirk worth a note in the prompt."
task046,SPT,Morse Code Encoder,C2,Description/test mismatch,1,"[C2] The mapping is right, but only 11 of the 36 symbols are tested, so a typo in the table would go unnoticed, and case-insensitivity is required by a test but never stated.",audit record,accept,revise,agree,revise,accept,yes,no,yes,retained (repaired),"The mapping is right, but only 11 of the 36 symbols are tested, so a typo in the table would go unnoticed, and case-insensitivity is required by a test but never stated. Add the case rule to the prompt and cover the rest of the alphabet."
task047,SPT,Text Statistics,C1,Reference fails/contradicts its own tests,1,"[C1] The solution returns avg_word_length 5.0 where the description's own example says 5.5, because it strips trailing punctuation.",audit record,revise,revise,agree,revise,accept,yes,no,yes,retained (repaired),"The solution returns avg_word_length 5.0 where the description's own example says 5.5, because it strips trailing punctuation. Decide whether a word keeps its punctuation, make the code, example, and a new test agree, and enforce the 2dp rounding."
task048,CAT,Password Strength Checker,C6,Weak (non-discriminative) tests,1,"[C6] Matches the spec, but the length rule is not enforced because one test uses >= rather than ==, and the special-character set is never defined.",audit record,accept,accept,agree,revise,accept,yes,no,yes,retained (repaired),"Matches the spec, but the length rule is not enforced because one test uses >= rather than ==, and the special-character set is never defined. Pin the exact score at length 7 and 8 and state which characters count as special."
task049,SPT,Find and Replace (Simultaneous),C6,Weak (non-discriminative) tests,1,"[C6] The replacement really is simultaneous and correct, but a sequential version passes every test, so that property isn't checked.",audit record,accept,accept,agree,revise,accept,yes,no,yes,retained (repaired),"The replacement really is simultaneous and correct, but a sequential version passes every test, so that property isn't checked. Add a chaining case like find_replace('ab', {'a':'b','b':'c'}) expecting 'bc'."
task050,SPT,Count Unique Characters,,,0,,,accept,accept,agree,accept,revise,yes,yes,yes,retained (repaired),"Correct but trivial: a naive one-liner passes and every value is hard-coded to 1, so it carries no more information than a set. Strengthen it (first-appearance order, or real counts) or drop it."
task051,SPT,Sentence Case Normalizer,,,0,,,revise,revise,agree,revise,accept,yes,yes,yes,retained (repaired),"Capitalization breaks when the text starts with a space or a quote, and it won't capitalize after a period that isn't followed by a space. Capitalize the first actual letter rather than index 0, and add leading-whitespace and leading-punctuation tests."
task052,SPT,Anagram Pairs Finder,,,0,,,revise,revise,agree,revise,accept,yes,yes,yes,retained (repaired),"Duplicate input words produce a pair like ('eat','eat'), which breaks the stated a-less-than-b rule. Skip equal pairs, define case handling, and pin the output order with a full-equality test."
task053,FIO,Count Lines in File,,,0,,,accept,accept,agree,accept,accept,no,no,yes,retained (repaired),Trivial but correct. Optional: test multibyte UTF-8 and CRLF input.
task054,FIO,Find Files by Extension,C2 C6,Description/test mismatch; Weak (non-discriminative) tests,2,"[C2] A test requires matching 'py' without the leading dot, which the prompt never mentions, and the 'absolute paths' promise isn't checked (a relative-path version passes). || [C6] A test requires matching 'py' without the leading dot, which the prompt never mentions, and the 'absolute paths' promise isn't checked (a relative-path version passes).",audit record,accept,revise,agree,revise,accept,yes,no,yes,retained (repaired),"A test requires matching 'py' without the leading dot, which the prompt never mentions, and the 'absolute paths' promise isn't checked (a relative-path version passes). State the extension rule and assert absolute paths."
task055,FIO,Append to Log File,C2,Description/test mismatch,1,"[C2] A test needs parent directories created, but the prompt only says 'create it if needed', which reads as the file.",audit record,accept,revise,agree,revise,accept,yes,no,yes,retained (repaired),"A test needs parent directories created, but the prompt only says 'create it if needed', which reads as the file. Say parents are created, and tighten the timestamp check, which currently accepts almost anything."
task056,FIO,Parse INI-Style Config,,,0,,,accept,accept,agree,accept,accept,no,no,yes,retained (repaired),"Matches the spec. Several behaviors (keys before a section, lines without '=', inline comments) are undefined and untested; adding cases for those would tighten it, but nothing is broken."
task057,FIO,JSON File Merge,,,0,,,accept,accept,agree,revise,accept,yes,yes,yes,retained (repaired),"Fine, but the merge is shallow and that's never tested, so a nested key can be silently dropped. Add a nested-merge case and a three-file precedence chain."
task058,FIO,CSV Filter by Column Value,C6,Weak (non-discriminative) tests,1,"[C6] Correct, but the return count is only ever 0 or 1 in the tests, so a version that writes one match and stops would pass.",audit record,accept,accept,agree,revise,accept,yes,no,yes,retained (repaired),"Correct, but the return count is only ever 0 or 1 in the tests, so a version that writes one match and stops would pass. Add a multi-match case and check quoted fields."
task059,FIO,File Tail (Last N Lines),,,0,,,accept,accept,agree,accept,accept,no,no,yes,retained (repaired),"Correct, including the n=0 trap. splitlines() treats form feeds and a few other characters as line breaks, which could surprise; otherwise just add empty-file and CRLF cases."
task060,FIO,Atomic File Write,,,0,,,revise,accept,agree,revise,accept,yes,yes,yes,retained (repaired),"mkstemp creates the temp file as 0600 and the mode is never restored, so overwriting a 0644 config tightens its permissions, and there's no fsync before the rename. Copy the target's mode onto the temp, flush and fsync the file and its directory, and add a permission and durability test."
task061,FIO,Directory Size Calculator,C2,Description/test mismatch,1,"[C2] Correct, but a test wants NotADirectoryError for a path that doesn't exist, where FileNotFoundError is the natural choice, so a reasonable implementation fails.",audit record,accept,revise,agree,accept,accept,yes,no,yes,retained (repaired),"Correct, but a test wants NotADirectoryError for a path that doesn't exist, where FileNotFoundError is the natural choice, so a reasonable implementation fails. Loosen that, and note symlink handling is unspecified."
task062,FIO,Duplicate File Finder,C6,Weak (non-discriminative) tests,1,"[C6] Correct, but nothing checks the hash is actually SHA-256; swapping in MD5 passes.",audit record,accept,accept,agree,revise,accept,yes,no,yes,retained (repaired),"Correct, but nothing checks the hash is actually SHA-256; swapping in MD5 passes. Assert the key is a 64-character SHA-256 digest and add a subdirectory and zero-byte case."
task063,CAT,SHA-256 File Hash,C6 C7,Weak (non-discriminative) tests; Redundancy,2,"[C6] Every test file is tiny, so a version that reads one chunk and ignores the rest passes. || [C7] 'task12 subsumes task063 (SHA-256 over file bytes)'.",audit record,accept,accept,agree,revise,accept,yes,no,yes,retained (repaired),"Correct and verified against known vectors. Every test file is tiny, so a version that reads one chunk and ignores the rest passes. Add a file larger than 64 KB."
task064,CAT,HMAC-SHA256 Signature,C1,Reference fails/contradicts its own tests,1,"[C1] The solution is right, but the worked example digest is fabricated, so anyone trusting it is misled, and the basic test recomputes with hmac itself rather than a fixed vector.",audit record,accept,revise,agree,accept,accept,yes,no,yes,retained (repaired),"The solution is right, but the worked example digest is fabricated, so anyone trusting it is misled, and the basic test recomputes with hmac itself rather than a fixed vector. Replace the example with a real RFC 4231 value and assert that literal."
task065,CAT,Base64 Encode/Decode,,,0,,,accept,accept,agree,accept,accept,no,no,yes,retained (repaired),No issues. Strict decoding is genuinely tested. Optional: add an explicit missing-padding case.
task066,CAT,Simple XOR Cipher,C6,Weak (non-discriminative) tests,1,"[C6] Correct, but the 'cyclic' part isn't enforced because the cycling test uses a single-byte key.",audit record,accept,accept,agree,revise,accept,yes,no,yes,retained (repaired),"Correct, but the 'cyclic' part isn't enforced because the cycling test uses a single-byte key. Add a multi-byte-key vector with expected bytes, and consider noting that repeating-key XOR isn't secure."
task067,CAT,Secure Token Generator,C2 C6,Description/test mismatch; Weak (non-discriminative) tests,2,"[C2] Correct and uses a real CSPRNG, but the padding-stripping rule is required by a test yet never stated, and nothing checks the entropy source, so a random-based version passes. || [C6] Correct and uses a real CSPRNG, but the padding-stripping rule is required by a test yet never stated, and nothing checks the entropy source, so a random-based version passes.",audit record,accept,revise,agree,revise,accept,yes,no,yes,retained (repaired),"Correct and uses a real CSPRNG, but the padding-stripping rule is required by a test yet never stated, and nothing checks the entropy source, so a random-based version passes. State the padding rule and add an exact-length assertion."
task068,CAT,Constant-Time String Comparison,C6,Weak (non-discriminative) tests,1,"[C6] It correctly uses compare_digest, but no test can distinguish it from ==, so the whole point is unverified, and it crashes on non-ASCII text.",audit record,revise,accept,agree,reject,revise,yes,no,yes,retained (repaired),"It correctly uses compare_digest, but no test can distinguish it from ==, so the whole point is unverified, and it crashes on non-ASCII text. Encode both sides to bytes first, and add a test that pins constant-time behavior or the non-ASCII case."
task069,CAT,JWT Header Decoder (no validation),C6,Weak (non-discriminative) tests,1,"[C6] It returns non-dict values for JSON headers that aren't objects, and the padding branch never fires in tests, so a version that breaks on real unpadded headers passes.",audit record,revise,revise,agree,revise,accept,yes,no,yes,retained (repaired),"It returns non-dict values for JSON headers that aren't objects, and the padding branch never fires in tests, so a version that breaks on real unpadded headers passes. Re-add base64url padding, require a dict header, and test an unpadded segment."
task070,WNT,Simple HTML Sanitizer,C5,Reproduced security flaw,1,"[C5] This regex sanitizer lets several live XSS payloads through (unterminated tags, attributes containing '>', tag re-emergence) and its tests include no bypass attempts.",audit record,reject,revise,agree,revise,revise,yes,no,yes,retained (repaired),"This regex sanitizer lets several live XSS payloads through (unterminated tags, attributes containing '>', tag re-emergence) and its tests include no bypass attempts. Rebuild it on html.parser with an allow-list and proper escaping, or rename it an honest tag stripper and drop the security framing."
task071,WNT,IP Address Classifier,C6,Weak (non-discriminative) tests,1,"[C6] Clean, but 'private' is never defined and Python's notion of it is surprising (0.0.0.0 and TEST-NET count, CGNAT doesn't), so an RFC1918-only version passes while disagreeing on edge cases.",audit record,accept,revise,agree,revise,accept,yes,no,yes,retained (repaired),"Clean, but 'private' is never defined and Python's notion of it is surprising (0.0.0.0 and TEST-NET count, CGNAT doesn't), so an RFC1918-only version passes while disagreeing on edge cases. Define the ranges and add boundary tests around 172.16/172.31 and IPv6."
task072,WNT,URL Parser,C2,Description/test mismatch,1,"[C2] Reasonable parser, but several behaviors (single values unwrapped from lists, blank values dropped, host lowercased) are required or produced yet never stated.",audit record,accept,revise,agree,revise,accept,yes,no,yes,retained (repaired),"Reasonable parser, but several behaviors (single values unwrapped from lists, blank values dropped, host lowercased) are required or produced yet never stated. Fill in the example in the prompt and test repeated and blank params."
task073,DBS,SQLite Table Creator,C5,Reproduced security flaw,1,"[C5] Table names are validated but column names and types are dropped into the DDL raw, which is an injection hole, and a case-variant duplicate raises the wrong error.",audit record,revise,revise,agree,revise,accept,yes,no,yes,retained (repaired),"Table names are validated but column names and types are dropped into the DDL raw, which is an injection hole, and a case-variant duplicate raises the wrong error. Whitelist and quote every identifier like task122 does, and add an injection test."
task074,DBS,SQLite Upsert,C5 C6,Reproduced security flaw; Weak (non-discriminative) tests,2,"[C5] No identifier validation at all, so a crafted table string injects SQL, and a key-only record builds broken SQL. || [C6] Validate identifiers, require a UNIQUE or PK on the key, and add a test that an upsert preserves columns the record omits (an INSERT OR REPLACE version currently passes).",audit record,revise,revise,agree,revise,accept,yes,no,yes,retained (repaired),"No identifier validation at all, so a crafted table string injects SQL, and a key-only record builds broken SQL. Validate identifiers, require a UNIQUE or PK on the key, and add a test that an upsert preserves columns the record omits (an INSERT OR REPLACE version currently passes)."
task075,DBS,Key-Value Store (File-Backed),C6,Weak (non-discriminative) tests,1,"[C6] A version whose delete never writes to disk still passes, so add a test that reopens the store after a delete, plus non-scalar values.",audit record,accept,accept,agree,revise,accept,yes,no,yes,retained (repaired),"Matches the spec including cross-instance persistence. A version whose delete never writes to disk still passes, so add a test that reopens the store after a delete, plus non-scalar values."
task077,DBS,CSV to SQLite Importer,C5 C6,Reproduced security flaw; Weak (non-discriminative) tests,2,"[C5] CSV headers become column names without escaping, so a quote in a header injects a column, and re-importing silently appends duplicates. || [C6] Validate and escape identifiers, decide the existing-table behavior, and add a header-quoting test; the 'all TEXT' rule is also unenforced.",audit record,revise,revise,agree,revise,accept,yes,no,yes,retained (repaired),"CSV headers become column names without escaping, so a quote in a header injects a column, and re-importing silently appends duplicates. Validate and escape identifiers, decide the existing-table behavior, and add a header-quoting test; the 'all TEXT' rule is also unenforced."
task078,DBS,In-Memory Database,C6,Weak (non-discriminative) tests,1,"[C6] Correct for what's specified, but a version whose delete returns the right count without removing anything, and whose find applies only the first filter, passes all six tests.",audit record,accept,accept,agree,revise,accept,yes,no,yes,retained (repaired),"Correct for what's specified, but a version whose delete returns the right count without removing anything, and whose find applies only the first filter, passes all six tests. Add a multi-filter AND case and a find-after-delete check."
task079,DBS,Simple JSON Schema Validator,C2,Description/test mismatch,1,[C2] The legal type names are never listed yet the tests pin exact error wording; enumerate the types and relax the message checks.,audit record,accept,revise,disagree,revise,accept,yes,no,yes,retained (repaired),"Correct, but this is dict validation with no database in sight, so it belongs under DPS. The legal type names are never listed yet the tests pin exact error wording; enumerate the types and relax the message checks."
task080,DBS,SQLite Batch Insert,C5 C6,Reproduced security flaw; Weak (non-discriminative) tests,2,"[C5] Rollback works, but table and column names are interpolated raw (injection), and mismatched row keys raise KeyError instead of the documented RuntimeError. || [C6] Validate identifiers, and add a mid-batch failure test since a per-row autocommit version currently passes.",audit record,revise,accept,agree,revise,accept,yes,no,yes,retained (repaired),"Rollback works, but table and column names are interpolated raw (injection), and mismatched row keys raise KeyError instead of the documented RuntimeError. Validate identifiers, and add a mid-batch failure test since a per-row autocommit version currently passes."
task081,DPS,Record Diff Tool,,,0,,,accept,accept,agree,revise,accept,yes,yes,yes,retained (repaired),"Correct for the stated contract, but the tests use single-record lists, so a mixed add/remove/change diff and the 'missing from any record' rule are never exercised. Add a multi-record case and a key missing from the new side."
task082,FIO,Config File Writer,,,0,,,revise,revise,agree,revise,accept,yes,yes,yes,retained (repaired),"The newline guard only checks for '\n', so a carriage return in a value produces a corrupt multi-line file, and the exact 'key=value' format (no spaces) is required by a test but not stated. Guard all line breaks and state the format."
task083,DBS,SQLite Migration Runner,C6,Weak (non-discriminative) tests,1,"[C6] The cleanest of the SQLite tasks, but a migration runner that never commits passes every test, because the success tests only check the return count and the rollback test checks the table is absent.",audit record,accept,accept,agree,reject,accept,yes,no,yes,retained (repaired),"The cleanest of the SQLite tasks, but a migration runner that never commits passes every test, because the success tests only check the return count and the rollback test checks the table is absent. Assert the tables exist from a fresh connection, and check the error message carries the failing statement."
task084,WNT,HTTP Status Code Classifier,,,0,,,accept,accept,agree,revise,accept,yes,yes,yes,retained (repaired),"Correct and fully specified. The tests miss the meaningful boundaries; add 599 and 600, plus the other class edges."
task085,WNT,Query String Builder,,,0,,,accept,accept,agree,revise,accept,yes,yes,yes,retained (repaired),Correct for everything stated. None and bool values pass through as strings and the encoding convention is left open; add an exact-output test that combines sorting with a list value.
task086,WNT,Robots.txt Parser,,,0,,,revise,revise,agree,revise,accept,yes,yes,yes,retained (repaired),"A comment line inside a group wipes the whole group, and user-agent matching is case-sensitive against the spec. Skip '#' lines without resetting the group, match agents case-insensitively, and add a comment-in-group test."
task087,WNT,Cookie Parser,C6,Weak (non-discriminative) tests,1,"[C6] The most common real cookie shape, a base64 value with '=' padding, isn't tested, and a naive split('=') version would pass; add that case.",audit record,accept,revise,agree,revise,accept,yes,no,yes,retained (repaired),"Correct, and it handles '=' inside values well. The most common real cookie shape, a base64 value with '=' padding, isn't tested, and a naive split('=') version would pass; add that case."
task088,WNT,Email Header Parser,C6,Weak (non-discriminative) tests,1,"[C6] Works for the basic cases, but the header-folding feature it's built around isn't really tested (a version that drops continuation lines passes because the test only checks a substring).",audit record,accept,revise,agree,revise,accept,yes,no,yes,retained (repaired),"Works for the basic cases, but the header-folding feature it's built around isn't really tested (a version that drops continuation lines passes because the test only checks a substring). Assert the exact unfolded value and add tab and duplicate-header cases."
task089,WNT,Retry with Exponential Backoff,C6,Weak (non-discriminative) tests,1,"[C6] Correct retry logic, but a version that never sleeps and re-raises the first exception passes all five tests, so neither the backoff nor 'raises last exception' is checked.",audit record,accept,accept,agree,revise,accept,yes,no,yes,retained (repaired),"Correct retry logic, but a version that never sleeps and re-raises the first exception passes all five tests, so neither the backoff nor 'raises last exception' is checked. Assert the sleep sequence and the call count with a mocked clock."
task090,WNT,MIME Type Guesser,,,0,,,accept,accept,agree,revise,accept,yes,yes,yes,retained (repaired),"Correct wrapper. One test is loosely written and lets image/x-png through; tighten it and add empty-string, double-extension, and unknown-extension cases."
task091,CCA,Thread-Safe Counter,C6 C7,Weak (non-discriminative) tests; Redundancy,2,"[C6] The counter is genuinely thread-safe, but the test starts a hundred threads that each do one increment, so a lock-free version passes. || [C7] This also duplicates task129; keep one.",audit record,accept,accept,agree,reject,accept,yes,no,yes,retained (repaired),"The counter is genuinely thread-safe, but the test starts a hundred threads that each do one increment, so a lock-free version passes. Use a barrier and thousands of increments per thread. This also duplicates task129; keep one."
task092,ODP,Memoize Decorator,C4 C6,Concurrency defect; Weak (non-discriminative) tests,2,"[C4] The decorator holds a non-reentrant lock across the wrapped call, so it deadlocks on the recursive fib in its own example. || [C6] Compute outside the lock or lock per key, support keyword arguments, and add a recursion and a real concurrency test.",audit record,reject,revise,agree,reject,accept,yes,no,yes,retained (repaired),"The decorator holds a non-reentrant lock across the wrapped call, so it deadlocks on the recursive fib in its own example. Compute outside the lock or lock per key, support keyword arguments, and add a recursion and a real concurrency test."
task093,CCA,Event Bus,,,0,,,accept,accept,disagree,revise,accept,yes,yes,yes,retained (repaired),"Correct, but there's no concurrency anywhere, so this is the Observer pattern and belongs under ODP. The tests also never pin notification order or exercise unsubscribe-during-publish; add those."
task094,DPS,Descriptive Statistics,C6,Weak (non-discriminative) tests,1,"[C6] A stub that returns mode None and never rounds passes all six tests, so fix mode, state ddof, and add a rounding case.",audit record,revise,revise,agree,reject,accept,yes,no,yes,retained (repaired),"mode is wrong for all-distinct data and its fallback is dead code, and sample-versus-population std_dev is unspecified. A stub that returns mode None and never rounds passes all six tests, so fix mode, state ddof, and add a rounding case."
task095,DPS,Percentile Calculator,C6,Weak (non-discriminative) tests,1,"[C6] Every input is already sorted, so a version that skips sorting passes; add an unsorted input and a single-element case.",audit record,accept,accept,agree,revise,accept,yes,no,yes,retained (repaired),"Correct percentile with linear interpolation, and the method is tested. Every input is already sorted, so a version that skips sorting passes; add an unsorted input and a single-element case."
task096,DPS,Moving Average,,,0,,,accept,accept,agree,accept,accept,no,no,yes,retained (repaired),No issues found. Well specified and well covered. Optional: an empty-data and a float-accumulation case.
task097,DPS,Z-Score Normalizer,C1 C2,Reference fails/contradicts its own tests; Description/test mismatch,2,"[C1] The description says results are rounded to 4dp, but rounding makes the solution fail the test tolerances, so the two contradict each other. || [C2] The description says results are rounded to 4dp, but rounding makes the solution fail the test tolerances, so the two contradict each other.",audit record,revise,reject,agree,revise,accept,yes,no,yes,retained (repaired),"The description says results are rounded to 4dp, but rounding makes the solution fail the test tolerances, so the two contradict each other. Drop the rounding line from the prompt (the code doesn't round) or loosen the tolerances, and remove the tautological assertion."
task098,DPS,Pearson Correlation Coefficient,C6,Weak (non-discriminative) tests,1,"[C6] Correct correlation, but the stated 4dp rounding is ignored and the tolerances are loose enough that it does not matter either way, so the rule is unenforced.",audit record,revise,accept,agree,revise,accept,yes,no,yes,retained (repaired),"Correct correlation, but the stated 4dp rounding is ignored and the tolerances are loose enough that it does not matter either way, so the rule is unenforced. Enforce rounding with a tight test, and add a near-zero and a negative correlation case."
task099,DPS,Outlier Detector,C2,Description/test mismatch,1,"[C2] The description says return an empty list for short input but the code and tests require ValueError, and the worked example is wrong.",audit record,revise,reject,agree,revise,accept,yes,no,yes,retained (repaired),"The description says return an empty list for short input but the code and tests require ValueError, and the worked example is wrong. Make the prompt match the ValueError behavior, fix the example, and pin the std convention."
task100,DPS,Frequency Distribution,C2 C6,Description/test mismatch; Weak (non-discriminative) tests,2,"[C2] The description asks for relative frequencies summing to 1.0, but the solution and tests return raw counts, so anyone implementing the prompt fails everything. || [C6] Pick one behavior and make both sides match, and add a distinguishing requirement so it isn't just Counter.",audit record,reject,reject,agree,reject,revise,yes,no,yes,retained (repaired),"The description asks for relative frequencies summing to 1.0, but the solution and tests return raw counts, so anyone implementing the prompt fails everything. Pick one behavior and make both sides match, and add a distinguishing requirement so it isn't just Counter."
task101,ODP,Singleton Pattern,C2,Description/test mismatch,1,"[C2] The solution is a fine singleton, but a test reaches into a private _instance attribute the prompt never mentions, so a spec-faithful version using a differently named field fails.",audit record,revise,reject,agree,revise,accept,yes,no,yes,retained (repaired),"The solution is a fine singleton, but a test reaches into a private _instance attribute the prompt never mentions, so a spec-faithful version using a differently named field fails. Stop testing the private attribute, and note subclassing and re-init aren't handled."
task102,ODP,Observer Pattern,C6,Weak (non-discriminative) tests,1,"[C6] A subject that shares one observer list across instances still passes, and notification order isn't pinned.",audit record,accept,accept,agree,revise,accept,yes,no,yes,retained (repaired),"Clean observer. A subject that shares one observer list across instances still passes, and notification order isn't pinned. Add an independence test and an order test."
task103,ODP,Builder Pattern (Query Builder),C2,Description/test mismatch,1,"[C2] The description describes a fluent QueryBuilder with a no-table ValueError, but the code and tests use a completely different constructor and raw-SQL API, so implementing the prompt scores zero.",audit record,revise,reject,agree,revise,reject,yes,no,yes,retained (repaired),"The description describes a fluent QueryBuilder with a no-table ValueError, but the code and tests use a completely different constructor and raw-SQL API, so implementing the prompt scores zero. Align the two, and switch build() to parameters since it currently concatenates user input into SQL."
task104,ODP,Strategy Pattern (Sorter),C2,Description/test mismatch,1,"[C2] Both sorts are correct, but a test needs a set_strategy method and a no-mutation guarantee that the prompt never mentions.",audit record,accept,reject,agree,revise,accept,yes,no,yes,retained (repaired),"Both sorts are correct, but a test needs a set_strategy method and a no-mutation guarantee that the prompt never mentions. Add both to the description."
task105,CCA,Producer-Consumer Queue,C2 C4 C6,Description/test mismatch; Concurrency defect; Weak (non-discriminative) tests,3,"[C2] The description and the shipped code are different functions (different arguments, different result ordering, no validation), so a prompt-faithful solution fails all four tests, and None items collide with the shutdown sentinel. || [C4] The description and the shipped code are different functions (different arguments, different result ordering, no validation), so a prompt-faithful solution fails all four tests, and None items collide with the shutdown sentinel. || [C6] Align spec and code, and have the tests assert input order instead of sorting it away.",audit record,reject,reject,agree,reject,accept,yes,no,yes,retained (repaired),"The description and the shipped code are different functions (different arguments, different result ordering, no validation), so a prompt-faithful solution fails all four tests, and None items collide with the shutdown sentinel. Align spec and code, and have the tests assert input order instead of sorting it away."
task106,DPS,Histogram Bins,C2 C6,Description/test mismatch; Weak (non-discriminative) tests,2,"[C2] No test ever checks a bin edge, so a version returning garbage edges passes, and the all-equal case collapses to one bin against the 'equal-width' description. || [C6] No test ever checks a bin edge, so a version returning garbage edges passes, and the all-equal case collapses to one bin against the 'equal-width' description.",audit record,revise,reject,agree,reject,accept,yes,no,yes,retained (repaired),"No test ever checks a bin edge, so a version returning garbage edges passes, and the all-equal case collapses to one bin against the 'equal-width' description. Assert the exact tuples from the example, define the half-open edges, and remove the dead recount code."
task107,TCQ,Assert Dict Subset Helper,C2,Description/test mismatch,1,"[C2] The tests demand the exact words 'Missing key' and 'expected' that the prompt never specifies, so an equally clear but differently worded message fails.",audit record,accept,reject,agree,revise,accept,yes,no,yes,retained (repaired),"The tests demand the exact words 'Missing key' and 'expected' that the prompt never specifies, so an equally clear but differently worded message fails. Either specify the required substrings or check behavior rather than wording, and test that all mismatches are reported."
task108,TCQ,Code Complexity Estimator,C2,Description/test mismatch,1,"[C2] The description's own example claims two branches where the test (correctly) says one, so following the example fails, and the metric is left vague.",audit record,revise,reject,agree,revise,reject,yes,no,yes,retained (repaired),"The description's own example claims two branches where the test (correctly) says one, so following the example fails, and the metric is left vague. Fix the example, define exactly which nodes count and what a 'line' is, and raise on non-function input."
task109,ODP,Pipeline Function Composer,,,0,,,accept,accept,agree,accept,accept,no,no,yes,retained (repaired),No issues. Order is stated and tested. Fine.
task110,DPS,Deep Dict Merge,C6,Weak (non-discriminative) tests,1,"[C6] Correct and non-mutating, but a version that concatenates lists on conflict instead of overriding passes, so the 'override wins' rule isn't enforced.",audit record,accept,accept,agree,revise,accept,yes,no,yes,retained (repaired),"Correct and non-mutating, but a version that concatenates lists on conflict instead of overriding passes, so the 'override wins' rule isn't enforced. Add that case, and note the result shares nested dicts with the base."
task111,ADS,Chunked Iterator,C6,Weak (non-discriminative) tests,1,"[C6] A correct generator, but an eager list version passes every test because they all wrap the call in list(), so laziness is never checked.",audit record,accept,accept,agree,revise,accept,yes,no,yes,retained (repaired),"A correct generator, but an eager list version passes every test because they all wrap the call in list(), so laziness is never checked. Add a test against an infinite source that takes only the first few chunks."
task112,ADS,Matrix Multiply,,,0,,,accept,accept,agree,revise,accept,yes,yes,yes,retained (repaired),"Correct multiply, but the tests only use square or vector shapes, so a genuine rectangular case that would expose row/column confusion is missing, and only one operand's emptiness is checked. Add a 2x3 by 3x2 case."
task113,SPT,Roman Numeral Decoder,C6,Weak (non-discriminative) tests,1,"[C6] Swapping two entries in the numeral table still passes, since L and D never appear in any test; add coverage for them and a round-trip against the encoder.",audit record,accept,accept,agree,revise,accept,yes,no,yes,retained (repaired),"Matches the spec exactly. Swapping two entries in the numeral table still passes, since L and D never appear in any test; add coverage for them and a round-trip against the encoder."
task114,ADS,Topological Sort,C6,Weak (non-discriminative) tests,1,"[C6] Correct topological sort, but every test graph is already in a valid order, so a version that never sorts (just returns the keys) passes.",audit record,accept,accept,agree,revise,accept,yes,no,yes,retained (repaired),"Correct topological sort, but every test graph is already in a valid order, so a version that never sorts (just returns the keys) passes. Use a graph whose key order violates the ordering and assert the full node set."
task115,ADS,Interval Merger,C7,Redundancy,1,"[C7] The touching-merge and list-output rules are only implied by the example, so state them, and note this overlaps task16 (keep this one).",audit record,accept,accept,agree,accept,revise,yes,no,yes,retained (repaired),"Correct interval merger. The touching-merge and list-output rules are only implied by the example, so state them, and note this overlaps task16 (keep this one)."
task116,ADS,Power Set Generator,,,0,,,revise,revise,agree,revise,accept,yes,yes,yes,retained (repaired),"Duplicate inputs produce duplicate frozensets and the 'sorted' order is never actually defined or tested. Decide how duplicates and ordering work, then assert the exact list for the documented example."
task117,ADS,Integer Base Converter,,,0,,,accept,accept,agree,accept,accept,no,no,yes,retained (repaired),"No issues; verified against a large sample. Just reconcile the category with task040, which labels the same shape differently. Optional: a mixed digit-and-letter result case."
task118,DPS,Flatten Dict,,,0,,,revise,revise,agree,revise,accept,yes,yes,yes,retained (repaired),"Keys whose value is an empty dict silently vanish, and separator collisions overwrite data, neither of which is stated or tested. Decide the empty-dict and collision behavior and add those cases."
task119,SPT,Simple Expression Tokenizer,C6,Weak (non-discriminative) tests,1,"[C6] Correct, but the 'int stays int, float stays float' rule isn't enforced because Python compares lists by value, so an all-floats tokenizer passes.",audit record,accept,accept,agree,revise,accept,yes,no,yes,retained (repaired),"Correct, but the 'int stays int, float stays float' rule isn't enforced because Python compares lists by value, so an all-floats tokenizer passes. Assert the element types, and note the undocumented ^ and % operators."
task120,CCA,TTL Cache,,,0,,,revise,revise,disagree,revise,accept,yes,yes,yes,retained (repaired),"There's no threading here, so this is a data-structure task, not concurrency. It also breaks on max_size 0 and can evict a live entry while a stale one lingers. Fix those edges and move it to ADS."
task121,DBS,SQLite Row Pagination,C2 C6,Description/test mismatch; Weak (non-discriminative) tests,2,"[C2] The return type (plain tuples) isn't stated though, and dropping the ORDER BY still passes. || [C6] The return type (plain tuples) isn't stated though, and dropping the ORDER BY still passes.",audit record,accept,revise,agree,revise,accept,yes,no,yes,retained (repaired),"Sound and safe: the identifier is whitelisted and limit/offset are bound parameters. The return type (plain tuples) isn't stated though, and dropping the ORDER BY still passes. State the row shape and add a case where insertion order differs from rowid order."
task122,DBS,SQLite Column Value Counts,,,0,,,accept,accept,agree,accept,accept,no,no,yes,retained (repaired),The best of the database tasks; identifiers are validated and injection attempts raise as intended. Nothing to fix.
task123,ODP,Factory Pattern (Shape Factory),,,0,,,accept,accept,agree,accept,accept,no,no,yes,retained (repaired),"Correct factory with proper validation, the best of its group. Minor: a missing keyword raises KeyError rather than ValueError, unstated."
task124,ODP,Command Pattern (Undo/Redo Buffer),C2,Description/test mismatch,1,"[C2] Correct undo/redo, but a test requires append(123) to raise ValueError where the prompt only annotates the type.",audit record,accept,revise,agree,revise,accept,yes,no,yes,retained (repaired),"Correct undo/redo, but a test requires append(123) to raise ValueError where the prompt only annotates the type. Add the validation rule to the description."
task125,ODP,State Pattern (Traffic Light),C2,Description/test mismatch,1,"[C2] Correct, but a test requires next(1.5) to raise ValueError where the prompt only rules out negatives.",audit record,accept,revise,agree,revise,accept,yes,no,yes,retained (repaired),"Correct, but a test requires next(1.5) to raise ValueError where the prompt only rules out negatives. State that steps must be an integer. Also worth noting this is really a modular counter, not a state machine."
task126,ODP,Chain of Responsibility,C2,Description/test mismatch,1,"[C2] Correct chain, but a test requires handle('500') to raise ValueError, which the prompt never states.",audit record,accept,revise,agree,revise,accept,yes,no,yes,retained (repaired),"Correct chain, but a test requires handle('500') to raise ValueError, which the prompt never states. Add the type rule, and factor the repeated validation out of all four handlers."
task127,CCA,Rate Limiter (Token Bucket),C2 C6,Description/test mismatch; Weak (non-discriminative) tests,2,"[C2] Also the tokens property is tested but never mentioned in the prompt. || [C6] Genuinely thread-safe, but the concurrency test starts 500 threads that each call allow once, so a lock-free version passes.",audit record,accept,revise,agree,reject,accept,yes,no,yes,retained (repaired),"Genuinely thread-safe, but the concurrency test starts 500 threads that each call allow once, so a lock-free version passes. Use a barrier and per-thread loops. Also the tokens property is tested but never mentioned in the prompt."
task128,CCA,Parallel Map (order-preserving),C6,Weak (non-discriminative) tests,1,"[C6] Correct and order-preserving, but a version with no threads at all passes because nothing observes concurrency.",audit record,accept,accept,agree,reject,accept,yes,no,yes,retained (repaired),"Correct and order-preserving, but a version with no threads at all passes because nothing observes concurrency. Add a timing or concurrency probe so the 'uses threads' claim is actually checked."
task129,CCA,Concurrent Counter,C6 C7,Weak (non-discriminative) tests; Redundancy,2,"[C6] Correct, but a one-line n*m with a validation check passes all six tests, since the only output is a deterministic product. || [C7] Because no black-box test can prove threading here, this overlaps task091 and one of the two should go.",audit record,accept,accept,agree,reject,revise,yes,no,no,"dropped: duplicate counter, task091 kept","Correct, but a one-line n*m with a validation check passes all six tests, since the only output is a deterministic product. Because no black-box test can prove threading here, this overlaps task091 and one of the two should go."
task130,CCA,Read-Write Lock,C2 C6,Description/test mismatch; Weak (non-discriminative) tests,2,"[C2] Add a reader-holds-while-writer-waits test, and note the unbalanced-release ValueError isn't in the prompt. || [C6] Correct read-write lock, but a version where readers and writers don't exclude each other passes, since the only concurrent test is writer-versus-writer.",audit record,accept,revise,agree,reject,accept,yes,no,yes,retained (repaired),"Correct read-write lock, but a version where readers and writers don't exclude each other passes, since the only concurrent test is writer-versus-writer. Add a reader-holds-while-writer-waits test, and note the unbalanced-release ValueError isn't in the prompt."
task131,CCA,Run-Once Initializer,,,0,,,accept,revise,agree,revise,accept,yes,yes,yes,retained (repaired),"The strongest concurrency test in the set: a lock-free version genuinely fails it. The only gap is unstated behavior when the function raises, which currently causes a re-run. Decide and document that."
task132,CCA,Bounded Concurrency Executor,C6,Weak (non-discriminative) tests,1,"[C6] Correct bounded executor, but a version with no threads passes because the concurrency test only checks an upper bound that a sequential run satisfies.",audit record,accept,accept,agree,reject,accept,yes,no,yes,retained (repaired),"Correct bounded executor, but a version with no threads passes because the concurrency test only checks an upper bound that a sequential run satisfies. Add a lower-bound or timing assertion."
task133,TCQ,Docstring Coverage,,,0,,,accept,accept,agree,accept,accept,no,no,yes,retained (repaired),"Matches the spec exactly and handles odd inputs sensibly, the best of the TCQ group. Nothing to fix."
task134,TCQ,Non-Snake-Case Function Names,C6,Weak (non-discriminative) tests,1,"[C6] Correct, but the tests contain no class at all, so whether methods count is left open and a version that skips class bodies passes.",audit record,accept,revise,agree,revise,accept,yes,no,yes,retained (repaired),"Correct, but the tests contain no class at all, so whether methods count is left open and a version that skips class bodies passes. State whether methods count and add a class with methods and dunders."
task135,TCQ,Unused Import Detector,C6,Weak (non-discriminative) tests,1,"[C6] 'from os import *' gets reported as an unused import named '*', and the tests don't force real AST-based detection, so a regex version passes while misreading strings and comments.",audit record,revise,revise,agree,revise,accept,yes,no,yes,retained (repaired),"'from os import *' gets reported as an unused import named '*', and the tests don't force real AST-based detection, so a regex version passes while misreading strings and comments. Handle star imports and add a case where an import is used only inside a string."
task136,TCQ,Long Line Linter,,,0,,,accept,revise,agree,revise,accept,yes,yes,yes,retained (repaired),"Boundary handling is right, but splitlines() treats form feeds and a few other characters as line breaks, which shifts line numbers, and CRLF behavior is unspecified. State the line-splitting rule and add CRLF, tab, and form-feed tests."
task137,TCQ,TODO/FIXME Marker Scanner,C6,Weak (non-discriminative) tests,1,"[C6] Handle the fallback properly, and replace the vacuous string test with one that actually puts a marker in a string with a '#'.",audit record,revise,revise,agree,reject,accept,yes,no,yes,retained (repaired),"The main path is fine, but when the source can't be tokenized it falls back to a raw scan that reports markers inside strings, inverting the whole 'comments only' promise. Handle the fallback properly, and replace the vacuous string test with one that actually puts a marker in a string with a '#'."
task138,TCQ,Assert Almost Equal,C6,Weak (non-discriminative) tests,1,"[C6] A different but common tolerance definition passes all seven tests, so add NaN, infinity, and a round-half-even case to pin the intended behavior.",audit record,accept,accept,agree,revise,accept,yes,no,yes,retained (repaired),"Matches the spec, which is the most precise of the group. A different but common tolerance definition passes all seven tests, so add NaN, infinity, and a round-half-even case to pin the intended behavior."
task139,TCQ,Test Case Expander,,,0,,,accept,accept,agree,revise,revise,yes,yes,yes,retained (repaired),"Correct, but it's a three-line dict merge with no analysis, which gives little signal in a code-quality benchmark, and one test asserts something meaningless (is not None). Fix that assertion, decide shallow versus deep merge, or replace the task."
